{"cameraMode":{"drawMode":0,"name":"Shaded","section":"Shading Mode"},"sceneLighting":true,"audioPlay":false,"sceneViewState":{"m_AlwaysRefresh":false,"showFog":true,"showSkybox":true,"showFlares":true,"showImageEffects":true,"showParticleSystems":true,"showVisualEffectGraphs":true,"m_FxEnabled":true},"in2DMode":false,"pivot":{"x":279.93426513671877,"y":418.8587646484375,"z":-177.62716674804688},"rotation":{"x":0.04978851601481438,"y":0.0074863978661596779,"z":-0.0003650259168352932,"w":0.9987444877624512},"size":326.26483154296877,"orthographic":false}