{"cameraMode":{"drawMode":0,"name":"Shaded","section":"Shading Mode"},"sceneLighting":true,"audioPlay":false,"sceneViewState":{"m_AlwaysRefresh":false,"showFog":true,"showSkybox":true,"showFlares":true,"showImageEffects":true,"showParticleSystems":true,"showVisualEffectGraphs":true,"m_FxEnabled":true},"in2DMode":false,"pivot":{"x":69.76150512695313,"y":-26.33442497253418,"z":145.92372131347657},"rotation":{"x":-0.1244698017835617,"y":0.020532913506031038,"z":-0.0025341969449073078,"w":-0.9920821785926819},"size":86.42646789550781,"orthographic":false}